Enzyme-layer	KEGG_REACTION_GENE	mmu:100328588	Reaction-layer	shared.name	ec:1.4.3.2	3
Enzyme-layer	KEGG_REACTION_GENE	mmu:100559	Reaction-layer	shared.name	ec:2.4.1.17	3
Enzyme-layer	KEGG_REACTION_GENE	mmu:100678	Reaction-layer	shared.name	ec:3.1.3.3	3
Enzyme-layer	KEGG_REACTION_GENE	mmu:100705	Reaction-layer	shared.name	ec:6.3.4.14	3
Enzyme-layer	KEGG_REACTION_GENE	mmu:100705	Reaction-layer	shared.name	ec:6.4.1.2	3
Enzyme-layer	KEGG_REACTION_GENE	mmu:101502	Reaction-layer	shared.name	ec:1.1.1.181	3
Enzyme-layer	KEGG_REACTION_GENE	mmu:103140	Reaction-layer	shared.name	ec:2.5.1.18	1
Enzyme-layer	KEGG_REACTION_GENE	mmu:103988	Reaction-layer	shared.name	ec:2.7.1.2	2
Enzyme-layer	KEGG_REACTION_GENE	mmu:104110	Reaction-layer	shared.name	ec:4.6.1.1	1
Enzyme-layer	KEGG_REACTION_GENE	mmu:104112	Reaction-layer	shared.name	ec:2.3.3.8	2
Enzyme-layer	KEGG_REACTION_GENE	mmu:104759	Reaction-layer	shared.name	ec:3.1.4.4	3
Enzyme-layer	KEGG_REACTION_GENE	mmu:105446	Reaction-layer	shared.name	ec:1.7.1.7	3
Enzyme-layer	KEGG_REACTION_GENE	mmu:107239	Reaction-layer	shared.name	ec:6.3.2.11	3
Enzyme-layer	KEGG_REACTION_GENE	mmu:107272	Reaction-layer	shared.name	ec:2.6.1.52	3
Enzyme-layer	KEGG_REACTION_GENE	mmu:107569	Reaction-layer	shared.name	ec:3.1.3.5	3
Enzyme-layer	KEGG_REACTION_GENE	mmu:107885	Reaction-layer	shared.name	ec:6.3.3.2	3
Enzyme-layer	KEGG_REACTION_GENE	mmu:108148	Reaction-layer	shared.name	ec:2.4.1.41	3
Enzyme-layer	KEGG_REACTION_GENE	mmu:108155	Reaction-layer	shared.name	ec:2.4.1.255	3
Enzyme-layer	KEGG_REACTION_GENE	mmu:109652	Reaction-layer	shared.name	ec:3.5.1.14	2
Enzyme-layer	KEGG_REACTION_GENE	mmu:109754	Reaction-layer	shared.name	ec:1.6.2.2	2
Enzyme-layer	KEGG_REACTION_GENE	mmu:109778	Reaction-layer	shared.name	ec:1.3.1.24	3
Enzyme-layer	KEGG_REACTION_GENE	mmu:109801	Reaction-layer	shared.name	ec:4.4.1.5	3
Enzyme-layer	KEGG_REACTION_GENE	mmu:110074	Reaction-layer	shared.name	ec:3.6.1.23	3
Enzyme-layer	KEGG_REACTION_GENE	mmu:110175	Reaction-layer	shared.name	ec:2.3.2.4	3
Enzyme-layer	KEGG_REACTION_GENE	mmu:110196	Reaction-layer	shared.name	ec:2.5.1.1	4
Enzyme-layer	KEGG_REACTION_GENE	mmu:110196	Reaction-layer	shared.name	ec:2.5.1.10	4
Enzyme-layer	KEGG_REACTION_GENE	mmu:110460	Reaction-layer	shared.name	ec:2.3.1.9	4
Enzyme-layer	KEGG_REACTION_GENE	mmu:110639	Reaction-layer	shared.name	ec:2.7.6.1	1
Enzyme-layer	KEGG_REACTION_GENE	mmu:110855	Reaction-layer	shared.name	ec:3.1.4.35	4
Enzyme-layer	KEGG_REACTION_GENE	mmu:112417	Reaction-layer	shared.name	ec:2.4.1.17	3
Enzyme-layer	KEGG_REACTION_GENE	mmu:113868	Reaction-layer	shared.name	ec:2.3.1.16	2
Enzyme-layer	KEGG_REACTION_GENE	mmu:11484	Reaction-layer	shared.name	ec:3.5.1.15	3
Enzyme-layer	KEGG_REACTION_GENE	mmu:11513	Reaction-layer	shared.name	ec:4.6.1.1	3
Enzyme-layer	KEGG_REACTION_GENE	mmu:11529	Reaction-layer	shared.name	ec:1.1.1.1	3
Enzyme-layer	KEGG_REACTION_GENE	mmu:11534	Reaction-layer	shared.name	ec:2.7.1.20	3
Enzyme-layer	KEGG_REACTION_GENE	mmu:11605	Reaction-layer	shared.name	ec:3.2.1.22	3
Enzyme-layer	KEGG_REACTION_GENE	mmu:11615	Reaction-layer	shared.name	ec:3.3.1.1	1
Enzyme-layer	KEGG_REACTION_GENE	mmu:11647	Reaction-layer	shared.name	ec:3.1.3.1	3
Enzyme-layer	KEGG_REACTION_GENE	mmu:11655	Reaction-layer	shared.name	ec:2.3.1.37	3
Enzyme-layer	KEGG_REACTION_GENE	mmu:11674	Reaction-layer	shared.name	ec:4.1.2.13	1
Enzyme-layer	KEGG_REACTION_GENE	mmu:11676	Reaction-layer	shared.name	ec:4.1.2.13	2
Enzyme-layer	KEGG_REACTION_GENE	mmu:11677	Reaction-layer	shared.name	ec:1.1.1.21	3
Enzyme-layer	KEGG_REACTION_GENE	mmu:11883	Reaction-layer	shared.name	ec:3.1.6.8	3
Enzyme-layer	KEGG_REACTION_GENE	mmu:11886	Reaction-layer	shared.name	ec:3.5.1.23	4
Enzyme-layer	KEGG_REACTION_GENE	mmu:12036	Reaction-layer	shared.name	ec:2.6.1.42	3
Enzyme-layer	KEGG_REACTION_GENE	mmu:12040	Reaction-layer	shared.name	ec:1.2.4.4	3
Enzyme-layer	KEGG_REACTION_GENE	mmu:12319	Reaction-layer	shared.name	ec:4.2.1.1	1
Enzyme-layer	KEGG_REACTION_GENE	mmu:12346	Reaction-layer	shared.name	ec:4.2.1.1	2
Enzyme-layer	KEGG_REACTION_GENE	mmu:12352	Reaction-layer	shared.name	ec:4.2.1.1	3
Enzyme-layer	KEGG_REACTION_GENE	mmu:12496	Reaction-layer	shared.name	ec:3.6.1.3	2
Enzyme-layer	KEGG_REACTION_GENE	mmu:12660	Reaction-layer	shared.name	ec:2.7.1.32	3
Enzyme-layer	KEGG_REACTION_GENE	mmu:12660	Reaction-layer	shared.name	ec:2.7.1.82	3
Enzyme-layer	KEGG_REACTION_GENE	mmu:12686	Reaction-layer	shared.name	ec:2.3.1.199	2
Enzyme-layer	KEGG_REACTION_GENE	mmu:12709	Reaction-layer	shared.name	ec:2.7.3.2	3
Enzyme-layer	KEGG_REACTION_GENE	mmu:12763	Reaction-layer	shared.name	ec:1.14.18.2	2
Enzyme-layer	KEGG_REACTION_GENE	mmu:12870	Reaction-layer	shared.name	ec:1.16.3.1	2
Enzyme-layer	KEGG_REACTION_GENE	mmu:12895	Reaction-layer	shared.name	ec:2.3.1.21	2
Enzyme-layer	KEGG_REACTION_GENE	mmu:12974	Reaction-layer	shared.name	ec:2.3.3.1	3
Enzyme-layer	KEGG_REACTION_GENE	mmu:13086	Reaction-layer	shared.name	ec:1.14.14.1	1
Enzyme-layer	KEGG_REACTION_GENE	mmu:13087	Reaction-layer	shared.name	ec:1.14.14.1	2
Enzyme-layer	KEGG_REACTION_GENE	mmu:13088	Reaction-layer	shared.name	ec:1.14.14.1	1
Enzyme-layer	KEGG_REACTION_GENE	mmu:13094	Reaction-layer	shared.name	ec:1.14.14.1	4
Enzyme-layer	KEGG_REACTION_GENE	mmu:13095	Reaction-layer	shared.name	ec:1.14.14.1	4
Enzyme-layer	KEGG_REACTION_GENE	mmu:13098	Reaction-layer	shared.name	ec:1.14.14.1	2
Enzyme-layer	KEGG_REACTION_GENE	mmu:13099	Reaction-layer	shared.name	ec:1.14.14.1	4
Enzyme-layer	KEGG_REACTION_GENE	mmu:13105	Reaction-layer	shared.name	ec:1.14.14.1	3
Enzyme-layer	KEGG_REACTION_GENE	mmu:13107	Reaction-layer	shared.name	ec:1.14.14.1	3
Enzyme-layer	KEGG_REACTION_GENE	mmu:13109	Reaction-layer	shared.name	ec:1.14.14.1	2
Enzyme-layer	KEGG_REACTION_GENE	mmu:13110	Reaction-layer	shared.name	ec:1.14.14.1	2
Enzyme-layer	KEGG_REACTION_GENE	mmu:13116	Reaction-layer	shared.name	ec:1.14.13.98	2
Enzyme-layer	KEGG_REACTION_GENE	mmu:13117	Reaction-layer	shared.name	ec:1.14.15.3	3
Enzyme-layer	KEGG_REACTION_GENE	mmu:13118	Reaction-layer	shared.name	ec:1.14.15.3	3
Enzyme-layer	KEGG_REACTION_GENE	mmu:13119	Reaction-layer	shared.name	ec:1.14.15.3	4
Enzyme-layer	KEGG_REACTION_GENE	mmu:13121	Reaction-layer	shared.name	ec:1.14.13.70	4
Enzyme-layer	KEGG_REACTION_GENE	mmu:13122	Reaction-layer	shared.name	ec:1.14.13.17	4
Enzyme-layer	KEGG_REACTION_GENE	mmu:13123	Reaction-layer	shared.name	ec:1.14.13.100	3
Enzyme-layer	KEGG_REACTION_GENE	mmu:13124	Reaction-layer	shared.name	ec:1.14.13.96	1
Enzyme-layer	KEGG_REACTION_GENE	mmu:13124	Reaction-layer	shared.name	ec:1.14.18.8	1
Enzyme-layer	KEGG_REACTION_GENE	mmu:13190	Reaction-layer	shared.name	ec:5.3.3.12	4
Enzyme-layer	KEGG_REACTION_GENE	mmu:13360	Reaction-layer	shared.name	ec:1.3.1.21	2
Enzyme-layer	KEGG_REACTION_GENE	mmu:13361	Reaction-layer	shared.name	ec:1.5.1.3	3
Enzyme-layer	KEGG_REACTION_GENE	mmu:13436	Reaction-layer	shared.name	ec:2.1.1.37	3
Enzyme-layer	KEGG_REACTION_GENE	mmu:13478	Reaction-layer	shared.name	ec:2.7.8.15	3
Enzyme-layer	KEGG_REACTION_GENE	mmu:13806	Reaction-layer	shared.name	ec:4.2.1.11	2
Enzyme-layer	KEGG_REACTION_GENE	mmu:13885	Reaction-layer	shared.name	ec:3.1.2.12	3
Enzyme-layer	KEGG_REACTION_GENE	mmu:140483	Reaction-layer	shared.name	ec:2.1.1.8	3
Enzyme-layer	KEGG_REACTION_GENE	mmu:14081	Reaction-layer	shared.name	ec:6.2.1.3	3
Enzyme-layer	KEGG_REACTION_GENE	mmu:14104	Reaction-layer	shared.name	ec:2.3.1.85	1
Enzyme-layer	KEGG_REACTION_GENE	mmu:14137	Reaction-layer	shared.name	ec:2.5.1.21	4
Enzyme-layer	KEGG_REACTION_GENE	mmu:14187	Reaction-layer	shared.name	ec:1.1.1.21	1
Enzyme-layer	KEGG_REACTION_GENE	mmu:14204	Reaction-layer	shared.name	ec:1.4.3.2	3
Enzyme-layer	KEGG_REACTION_GENE	mmu:14245	Reaction-layer	shared.name	ec:3.1.3.4	1
Enzyme-layer	KEGG_REACTION_GENE	mmu:14262	Reaction-layer	shared.name	ec:1.14.13.8	4
Enzyme-layer	KEGG_REACTION_GENE	mmu:14263	Reaction-layer	shared.name	ec:1.14.13.8	2
Enzyme-layer	KEGG_REACTION_GENE	mmu:14377	Reaction-layer	shared.name	ec:3.1.3.9	1
Enzyme-layer	KEGG_REACTION_GENE	mmu:14387	Reaction-layer	shared.name	ec:3.2.1.20	3
Enzyme-layer	KEGG_REACTION_GENE	mmu:14431	Reaction-layer	shared.name	ec:2.1.1.2	2
Enzyme-layer	KEGG_REACTION_GENE	mmu:14450	Reaction-layer	shared.name	ec:2.1.2.2	2
Enzyme-layer	KEGG_REACTION_GENE	mmu:14450	Reaction-layer	shared.name	ec:6.3.3.1	2
Enzyme-layer	KEGG_REACTION_GENE	mmu:14450	Reaction-layer	shared.name	ec:6.3.4.13	2
Enzyme-layer	KEGG_REACTION_GENE	mmu:14537	Reaction-layer	shared.name	ec:2.4.1.102	1
Enzyme-layer	KEGG_REACTION_GENE	mmu:14555	Reaction-layer	shared.name	ec:1.1.1.8	4
Enzyme-layer	KEGG_REACTION_GENE	mmu:14571	Reaction-layer	shared.name	ec:1.1.5.3	3
Enzyme-layer	KEGG_REACTION_GENE	mmu:14584	Reaction-layer	shared.name	ec:2.6.1.16	3
Enzyme-layer	KEGG_REACTION_GENE	mmu:14594	Reaction-layer	shared.name	ec:2.4.1.87	3
Enzyme-layer	KEGG_REACTION_GENE	mmu:14595	Reaction-layer	shared.name	ec:2.4.1.22	2
Enzyme-layer	KEGG_REACTION_GENE	mmu:14595	Reaction-layer	shared.name	ec:2.4.1.38	2
Enzyme-layer	KEGG_REACTION_GENE	mmu:14595	Reaction-layer	shared.name	ec:2.4.1.90	2
Enzyme-layer	KEGG_REACTION_GENE	mmu:14718	Reaction-layer	shared.name	ec:2.6.1.1	3
Enzyme-layer	KEGG_REACTION_GENE	mmu:14751	Reaction-layer	shared.name	ec:5.3.1.9	3
Enzyme-layer	KEGG_REACTION_GENE	mmu:14778	Reaction-layer	shared.name	ec:1.11.1.9	2
Enzyme-layer	KEGG_REACTION_GENE	mmu:14857	Reaction-layer	shared.name	ec:2.5.1.18	1
Enzyme-layer	KEGG_REACTION_GENE	mmu:14858	Reaction-layer	shared.name	ec:2.5.1.18	2
Enzyme-layer	KEGG_REACTION_GENE	mmu:14859	Reaction-layer	shared.name	ec:2.5.1.18	4
Enzyme-layer	KEGG_REACTION_GENE	mmu:14864	Reaction-layer	shared.name	ec:2.5.1.18	2
Enzyme-layer	KEGG_REACTION_GENE	mmu:14866	Reaction-layer	shared.name	ec:2.5.1.18	3
Enzyme-layer	KEGG_REACTION_GENE	mmu:14869	Reaction-layer	shared.name	ec:2.5.1.18	4
Enzyme-layer	KEGG_REACTION_GENE	mmu:14871	Reaction-layer	shared.name	ec:2.5.1.18	2
Enzyme-layer	KEGG_REACTION_GENE	mmu:14917	Reaction-layer	shared.name	ec:4.6.1.2	3
Enzyme-layer	KEGG_REACTION_GENE	mmu:14933	Reaction-layer	shared.name	ec:2.7.1.30	3
Enzyme-layer	KEGG_REACTION_GENE	mmu:14936	Reaction-layer	shared.name	ec:2.4.1.11	3
Enzyme-layer	KEGG_REACTION_GENE	mmu:15112	Reaction-layer	shared.name	ec:1.1.3.15	3
Enzyme-layer	KEGG_REACTION_GENE	mmu:15186	Reaction-layer	shared.name	ec:4.1.1.22	3
Enzyme-layer	KEGG_REACTION_GENE	mmu:15212	Reaction-layer	shared.name	ec:3.2.1.52	3
Enzyme-layer	KEGG_REACTION_GENE	mmu:15277	Reaction-layer	shared.name	ec:2.7.1.1	3
Enzyme-layer	KEGG_REACTION_GENE	mmu:15357	Reaction-layer	shared.name	ec:1.1.1.34	4
Enzyme-layer	KEGG_REACTION_GENE	mmu:15368	Reaction-layer	shared.name	ec:1.14.14.18	3
Enzyme-layer	KEGG_REACTION_GENE	mmu:15490	Reaction-layer	shared.name	ec:1.1.1.270	2
Enzyme-layer	KEGG_REACTION_GENE	mmu:15490	Reaction-layer	shared.name	ec:1.1.1.62	2
Enzyme-layer	KEGG_REACTION_GENE	mmu:15493	Reaction-layer	shared.name	ec:1.1.1.145	4
Enzyme-layer	KEGG_REACTION_GENE	mmu:15493	Reaction-layer	shared.name	ec:5.3.3.1	4
Enzyme-layer	KEGG_REACTION_GENE	mmu:16548	Reaction-layer	shared.name	ec:2.7.1.3	2
Enzyme-layer	KEGG_REACTION_GENE	mmu:16848	Reaction-layer	shared.name	ec:2.4.1.222	3
Enzyme-layer	KEGG_REACTION_GENE	mmu:16891	Reaction-layer	shared.name	ec:3.1.1.3	1
Enzyme-layer	KEGG_REACTION_GENE	mmu:16956	Reaction-layer	shared.name	ec:3.1.1.34	3
Enzyme-layer	KEGG_REACTION_GENE	mmu:16987	Reaction-layer	shared.name	ec:5.4.99.7	4
Enzyme-layer	KEGG_REACTION_GENE	mmu:170768	Reaction-layer	shared.name	ec:2.7.1.105	3
Enzyme-layer	KEGG_REACTION_GENE	mmu:170768	Reaction-layer	shared.name	ec:3.1.3.46	3
Enzyme-layer	KEGG_REACTION_GENE	mmu:171210	Reaction-layer	shared.name	ec:3.1.2.2	2
Enzyme-layer	KEGG_REACTION_GENE	mmu:171212	Reaction-layer	shared.name	ec:2.4.1.41	3
Enzyme-layer	KEGG_REACTION_GENE	mmu:171281	Reaction-layer	shared.name	ec:3.1.2.2	1
Enzyme-layer	KEGG_REACTION_GENE	mmu:171282	Reaction-layer	shared.name	ec:3.1.2.2	1
Enzyme-layer	KEGG_REACTION_GENE	mmu:171567	Reaction-layer	shared.name	ec:2.7.4.6	1
Enzyme-layer	KEGG_REACTION_GENE	mmu:17252	Reaction-layer	shared.name	ec:1.1.1.300	4
Enzyme-layer	KEGG_REACTION_GENE	mmu:17305	Reaction-layer	shared.name	ec:2.4.1.222	3
Enzyme-layer	KEGG_REACTION_GENE	mmu:17720	Reaction-layer	shared.name	ec:1.6.5.3	4
Enzyme-layer	KEGG_REACTION_GENE	mmu:17769	Reaction-layer	shared.name	ec:1.5.1.20	4
Enzyme-layer	KEGG_REACTION_GENE	mmu:17855	Reaction-layer	shared.name	ec:2.7.1.36	4
Enzyme-layer	KEGG_REACTION_GENE	mmu:17960	Reaction-layer	shared.name	ec:2.3.1.5	3
Enzyme-layer	KEGG_REACTION_GENE	mmu:17961	Reaction-layer	shared.name	ec:2.3.1.5	3
Enzyme-layer	KEGG_REACTION_GENE	mmu:18102	Reaction-layer	shared.name	ec:2.7.4.6	2
Enzyme-layer	KEGG_REACTION_GENE	mmu:18103	Reaction-layer	shared.name	ec:2.7.4.6	3
Enzyme-layer	KEGG_REACTION_GENE	mmu:18115	Reaction-layer	shared.name	ec:1.6.1.2	3
Enzyme-layer	KEGG_REACTION_GENE	mmu:18127	Reaction-layer	shared.name	ec:1.14.13.39	1
Enzyme-layer	KEGG_REACTION_GENE	mmu:18194	Reaction-layer	shared.name	ec:1.1.1.170	4
Enzyme-layer	KEGG_REACTION_GENE	mmu:18451	Reaction-layer	shared.name	ec:1.14.11.2	4
Enzyme-layer	KEGG_REACTION_GENE	mmu:18573	Reaction-layer	shared.name	ec:3.1.4.17	3
Enzyme-layer	KEGG_REACTION_GENE	mmu:18578	Reaction-layer	shared.name	ec:3.1.4.53	4
Enzyme-layer	KEGG_REACTION_GENE	mmu:18583	Reaction-layer	shared.name	ec:3.1.4.53	2
Enzyme-layer	KEGG_REACTION_GENE	mmu:18585	Reaction-layer	shared.name	ec:3.1.4.35	4
Enzyme-layer	KEGG_REACTION_GENE	mmu:18618	Reaction-layer	shared.name	ec:2.1.1.17	2
Enzyme-layer	KEGG_REACTION_GENE	mmu:18700	Reaction-layer	shared.name	ec:2.4.1.198	3
Enzyme-layer	KEGG_REACTION_GENE	mmu:18705	Reaction-layer	shared.name	ec:2.7.1.154	3
Enzyme-layer	KEGG_REACTION_GENE	mmu:18718	Reaction-layer	shared.name	ec:2.7.1.149	3
Enzyme-layer	KEGG_REACTION_GENE	mmu:18770	Reaction-layer	shared.name	ec:2.7.1.40	1
Enzyme-layer	KEGG_REACTION_GENE	mmu:18777	Reaction-layer	shared.name	ec:3.1.1.5	2
Enzyme-layer	KEGG_REACTION_GENE	mmu:18783	Reaction-layer	shared.name	ec:3.1.1.4	3
Enzyme-layer	KEGG_REACTION_GENE	mmu:18799	Reaction-layer	shared.name	ec:3.1.4.11	3
Enzyme-layer	KEGG_REACTION_GENE	mmu:18805	Reaction-layer	shared.name	ec:3.1.4.4	2
Enzyme-layer	KEGG_REACTION_GENE	mmu:18950	Reaction-layer	shared.name	ec:2.4.2.1	2
Enzyme-layer	KEGG_REACTION_GENE	mmu:18968	Reaction-layer	shared.name	ec:2.7.7.7	3
Enzyme-layer	KEGG_REACTION_GENE	mmu:18973	Reaction-layer	shared.name	ec:2.7.7.7	3
Enzyme-layer	KEGG_REACTION_GENE	mmu:18979	Reaction-layer	shared.name	ec:3.1.1.2	3
Enzyme-layer	KEGG_REACTION_GENE	mmu:18979	Reaction-layer	shared.name	ec:3.1.8.1	3
Enzyme-layer	KEGG_REACTION_GENE	mmu:192156	Reaction-layer	shared.name	ec:4.1.1.33	4
Enzyme-layer	KEGG_REACTION_GENE	mmu:192166	Reaction-layer	shared.name	ec:1.5.8.3	2
Enzyme-layer	KEGG_REACTION_GENE	mmu:19223	Reaction-layer	shared.name	ec:5.3.99.4	2
Enzyme-layer	KEGG_REACTION_GENE	mmu:19286	Reaction-layer	shared.name	ec:4.1.2.50	3
Enzyme-layer	KEGG_REACTION_GENE	mmu:19286	Reaction-layer	shared.name	ec:4.2.3.12	3
Enzyme-layer	KEGG_REACTION_GENE	mmu:19682	Reaction-layer	shared.name	ec:1.1.1.315	2
Enzyme-layer	KEGG_REACTION_GENE	mmu:19895	Reaction-layer	shared.name	ec:5.3.1.6	3
Enzyme-layer	KEGG_REACTION_GENE	mmu:20135	Reaction-layer	shared.name	ec:1.17.4.1	1
Enzyme-layer	KEGG_REACTION_GENE	mmu:20216	Reaction-layer	shared.name	ec:6.2.1.2	3
Enzyme-layer	KEGG_REACTION_GENE	mmu:20229	Reaction-layer	shared.name	ec:2.3.1.57	3
Enzyme-layer	KEGG_REACTION_GENE	mmu:20249	Reaction-layer	shared.name	ec:1.14.19.1	2
Enzyme-layer	KEGG_REACTION_GENE	mmu:20250	Reaction-layer	shared.name	ec:1.14.19.1	4
Enzyme-layer	KEGG_REACTION_GENE	mmu:20440	Reaction-layer	shared.name	ec:2.4.99.1	3
Enzyme-layer	KEGG_REACTION_GENE	mmu:20442	Reaction-layer	shared.name	ec:2.4.99.4	1
Enzyme-layer	KEGG_REACTION_GENE	mmu:20598	Reaction-layer	shared.name	ec:3.1.4.12	2
Enzyme-layer	KEGG_REACTION_GENE	mmu:20698	Reaction-layer	shared.name	ec:2.7.1.91	2
Enzyme-layer	KEGG_REACTION_GENE	mmu:20775	Reaction-layer	shared.name	ec:1.14.14.17	4
Enzyme-layer	KEGG_REACTION_GENE	mmu:20810	Reaction-layer	shared.name	ec:2.5.1.16	1
Enzyme-layer	KEGG_REACTION_GENE	mmu:208266	Reaction-layer	shared.name	ec:2.1.1.43	3
Enzyme-layer	KEGG_REACTION_GENE	mmu:20860	Reaction-layer	shared.name	ec:2.8.2.4	1
Enzyme-layer	KEGG_REACTION_GENE	mmu:208624	Reaction-layer	shared.name	ec:2.4.1.258	1
Enzyme-layer	KEGG_REACTION_GENE	mmu:208665	Reaction-layer	shared.name	ec:1.3.1.3	4
Enzyme-layer	KEGG_REACTION_GENE	mmu:208715	Reaction-layer	shared.name	ec:2.3.3.10	4
Enzyme-layer	KEGG_REACTION_GENE	mmu:209176	Reaction-layer	shared.name	ec:1.13.11.52	4
Enzyme-layer	KEGG_REACTION_GENE	mmu:209558	Reaction-layer	shared.name	ec:3.1.4.1	1
Enzyme-layer	KEGG_REACTION_GENE	mmu:209558	Reaction-layer	shared.name	ec:3.6.1.9	1
Enzyme-layer	KEGG_REACTION_GENE	mmu:20975	Reaction-layer	shared.name	ec:3.1.3.36	2
Enzyme-layer	KEGG_REACTION_GENE	mmu:212032	Reaction-layer	shared.name	ec:2.7.1.1	3
Enzyme-layer	KEGG_REACTION_GENE	mmu:212862	Reaction-layer	shared.name	ec:2.7.8.2	2
Enzyme-layer	KEGG_REACTION_GENE	mmu:212898	Reaction-layer	shared.name	ec:5.1.3.19	1
Enzyme-layer	KEGG_REACTION_GENE	mmu:21391	Reaction-layer	shared.name	ec:5.3.99.5	3
Enzyme-layer	KEGG_REACTION_GENE	mmu:214580	Reaction-layer	shared.name	ec:2.7.1.164	3
Enzyme-layer	KEGG_REACTION_GENE	mmu:215456	Reaction-layer	shared.name	ec:2.3.1.15	3
Enzyme-layer	KEGG_REACTION_GENE	mmu:216134	Reaction-layer	shared.name	ec:2.7.1.35	2
Enzyme-layer	KEGG_REACTION_GENE	mmu:217214	Reaction-layer	shared.name	ec:2.3.1.1	2
Enzyme-layer	KEGG_REACTION_GENE	mmu:21743	Reaction-layer	shared.name	ec:2.1.1.49	3
Enzyme-layer	KEGG_REACTION_GENE	mmu:21743	Reaction-layer	shared.name	ec:2.1.1.96	3
Enzyme-layer	KEGG_REACTION_GENE	mmu:218138	Reaction-layer	shared.name	ec:4.2.1.47	4
Enzyme-layer	KEGG_REACTION_GENE	mmu:21877	Reaction-layer	shared.name	ec:2.7.1.21	3
Enzyme-layer	KEGG_REACTION_GENE	mmu:21915	Reaction-layer	shared.name	ec:2.7.4.9	3
Enzyme-layer	KEGG_REACTION_GENE	mmu:22017	Reaction-layer	shared.name	ec:2.1.1.67	3
Enzyme-layer	KEGG_REACTION_GENE	mmu:22169	Reaction-layer	shared.name	ec:2.7.4.14	3
Enzyme-layer	KEGG_REACTION_GENE	mmu:22235	Reaction-layer	shared.name	ec:1.1.1.22	2
Enzyme-layer	KEGG_REACTION_GENE	mmu:22238	Reaction-layer	shared.name	ec:2.4.1.17	2
Enzyme-layer	KEGG_REACTION_GENE	mmu:22245	Reaction-layer	shared.name	ec:2.7.1.48	3
Enzyme-layer	KEGG_REACTION_GENE	mmu:22262	Reaction-layer	shared.name	ec:1.7.3.3	2
Enzyme-layer	KEGG_REACTION_GENE	mmu:22276	Reaction-layer	shared.name	ec:4.2.1.75	3
Enzyme-layer	KEGG_REACTION_GENE	mmu:22361	Reaction-layer	shared.name	ec:3.5.1.92	2
Enzyme-layer	KEGG_REACTION_GENE	mmu:223646	Reaction-layer	shared.name	ec:6.3.4.21	2
Enzyme-layer	KEGG_REACTION_GENE	mmu:223753	Reaction-layer	shared.name	ec:2.7.1.138	2
Enzyme-layer	KEGG_REACTION_GENE	mmu:225845	Reaction-layer	shared.name	ec:3.1.1.32	2
Enzyme-layer	KEGG_REACTION_GENE	mmu:225845	Reaction-layer	shared.name	ec:3.1.1.4	2
Enzyme-layer	KEGG_REACTION_GENE	mmu:225913	Reaction-layer	shared.name	ec:2.7.1.29	1
Enzyme-layer	KEGG_REACTION_GENE	mmu:225994	Reaction-layer	shared.name	ec:2.7.1.173	4
Enzyme-layer	KEGG_REACTION_GENE	mmu:225994	Reaction-layer	shared.name	ec:2.7.1.22	4
Enzyme-layer	KEGG_REACTION_GENE	mmu:226105	Reaction-layer	shared.name	ec:1.14.14.1	2
Enzyme-layer	KEGG_REACTION_GENE	mmu:226143	Reaction-layer	shared.name	ec:1.14.14.1	3
Enzyme-layer	KEGG_REACTION_GENE	mmu:227095	Reaction-layer	shared.name	ec:3.1.2.4	1
Enzyme-layer	KEGG_REACTION_GENE	mmu:227620	Reaction-layer	shared.name	ec:2.7.7.23	3
Enzyme-layer	KEGG_REACTION_GENE	mmu:227620	Reaction-layer	shared.name	ec:2.7.7.83	3
Enzyme-layer	KEGG_REACTION_GENE	mmu:227697	Reaction-layer	shared.name	ec:2.7.1.108	2
Enzyme-layer	KEGG_REACTION_GENE	mmu:228061	Reaction-layer	shared.name	ec:2.5.1.26	3
Enzyme-layer	KEGG_REACTION_GENE	mmu:228550	Reaction-layer	shared.name	ec:2.7.1.127	2
Enzyme-layer	KEGG_REACTION_GENE	mmu:228608	Reaction-layer	shared.name	ec:1.5.3.16	3
Enzyme-layer	KEGG_REACTION_GENE	mmu:229589	Reaction-layer	shared.name	ec:3.6.1.11	3
Enzyme-layer	KEGG_REACTION_GENE	mmu:229905	Reaction-layer	shared.name	ec:2.6.1.64	3
Enzyme-layer	KEGG_REACTION_GENE	mmu:229905	Reaction-layer	shared.name	ec:2.6.1.7	3
Enzyme-layer	KEGG_REACTION_GENE	mmu:229905	Reaction-layer	shared.name	ec:4.4.1.13	3
Enzyme-layer	KEGG_REACTION_GENE	mmu:230379	Reaction-layer	shared.name	ec:3.5.1.23	2
Enzyme-layer	KEGG_REACTION_GENE	mmu:231510	Reaction-layer	shared.name	ec:2.3.1.15	1
Enzyme-layer	KEGG_REACTION_GENE	mmu:231903	Reaction-layer	shared.name	ec:4.1.1.97	1
Enzyme-layer	KEGG_REACTION_GENE	mmu:233549	Reaction-layer	shared.name	ec:2.3.1.22	3
Enzyme-layer	KEGG_REACTION_GENE	mmu:233733	Reaction-layer	shared.name	ec:2.4.1.41	2
Enzyme-layer	KEGG_REACTION_GENE	mmu:233904	Reaction-layer	shared.name	ec:2.1.1.43	3
Enzyme-layer	KEGG_REACTION_GENE	mmu:234515	Reaction-layer	shared.name	ec:3.1.3.66	1
Enzyme-layer	KEGG_REACTION_GENE	mmu:234671	Reaction-layer	shared.name	ec:3.1.1.1	2
Enzyme-layer	KEGG_REACTION_GENE	mmu:234671	Reaction-layer	shared.name	ec:3.1.1.56	2
Enzyme-layer	KEGG_REACTION_GENE	mmu:234671	Reaction-layer	shared.name	ec:3.1.1.84	2
Enzyme-layer	KEGG_REACTION_GENE	mmu:234673	Reaction-layer	shared.name	ec:3.1.1.1	2
Enzyme-layer	KEGG_REACTION_GENE	mmu:234673	Reaction-layer	shared.name	ec:3.1.1.56	2
Enzyme-layer	KEGG_REACTION_GENE	mmu:234673	Reaction-layer	shared.name	ec:3.1.1.84	2
Enzyme-layer	KEGG_REACTION_GENE	mmu:234779	Reaction-layer	shared.name	ec:3.1.4.11	3
Enzyme-layer	KEGG_REACTION_GENE	mmu:234889	Reaction-layer	shared.name	ec:4.6.1.2	3
Enzyme-layer	KEGG_REACTION_GENE	mmu:235293	Reaction-layer	shared.name	ec:1.14.19.20	4
Enzyme-layer	KEGG_REACTION_GENE	mmu:235674	Reaction-layer	shared.name	ec:2.3.1.16	2
Enzyme-layer	KEGG_REACTION_GENE	mmu:237823	Reaction-layer	shared.name	ec:6.3.5.3	2
Enzyme-layer	KEGG_REACTION_GENE	mmu:237928	Reaction-layer	shared.name	ec:3.1.3.75	4
Enzyme-layer	KEGG_REACTION_GENE	mmu:237940	Reaction-layer	shared.name	ec:1.4.3.21	3
Enzyme-layer	KEGG_REACTION_GENE	mmu:23831	Reaction-layer	shared.name	ec:4.2.1.1	4
Enzyme-layer	KEGG_REACTION_GENE	mmu:23887	Reaction-layer	shared.name	ec:2.3.2.2	2
Enzyme-layer	KEGG_REACTION_GENE	mmu:23887	Reaction-layer	shared.name	ec:3.4.19.13	2
Enzyme-layer	KEGG_REACTION_GENE	mmu:23887	Reaction-layer	shared.name	ec:3.4.19.14	2
Enzyme-layer	KEGG_REACTION_GENE	mmu:238871	Reaction-layer	shared.name	ec:3.1.4.53	4
Enzyme-layer	KEGG_REACTION_GENE	mmu:239122	Reaction-layer	shared.name	ec:2.1.1.43	2
Enzyme-layer	KEGG_REACTION_GENE	mmu:23917	Reaction-layer	shared.name	ec:1.1.1.205	2
Enzyme-layer	KEGG_REACTION_GENE	mmu:23923	Reaction-layer	shared.name	ec:2.6.1.39	2
Enzyme-layer	KEGG_REACTION_GENE	mmu:23923	Reaction-layer	shared.name	ec:2.6.1.7	2
Enzyme-layer	KEGG_REACTION_GENE	mmu:23945	Reaction-layer	shared.name	ec:3.1.1.23	1
Enzyme-layer	KEGG_REACTION_GENE	mmu:23972	Reaction-layer	shared.name	ec:2.7.1.25	2
Enzyme-layer	KEGG_REACTION_GENE	mmu:23972	Reaction-layer	shared.name	ec:2.7.7.4	2
Enzyme-layer	KEGG_REACTION_GENE	mmu:240549	Reaction-layer	shared.name	ec:2.3.1.192	1
Enzyme-layer	KEGG_REACTION_GENE	mmu:242202	Reaction-layer	shared.name	ec:3.1.4.35	2
Enzyme-layer	KEGG_REACTION_GENE	mmu:242669	Reaction-layer	shared.name	ec:4.1.1.19	2
Enzyme-layer	KEGG_REACTION_GENE	mmu:244209	Reaction-layer	shared.name	ec:1.14.13.159	4
Enzyme-layer	KEGG_REACTION_GENE	mmu:245532	Reaction-layer	shared.name	ec:2.3.1.75	2
Enzyme-layer	KEGG_REACTION_GENE	mmu:245532	Reaction-layer	shared.name	ec:2.3.1.76	2
Enzyme-layer	KEGG_REACTION_GENE	mmu:246277	Reaction-layer	shared.name	ec:4.1.1.29	2
Enzyme-layer	KEGG_REACTION_GENE	mmu:257635	Reaction-layer	shared.name	ec:4.3.1.17	3
Enzyme-layer	KEGG_REACTION_GENE	mmu:257635	Reaction-layer	shared.name	ec:4.3.1.19	3
Enzyme-layer	KEGG_REACTION_GENE	mmu:26363	Reaction-layer	shared.name	ec:3.5.1.12	3
Enzyme-layer	KEGG_REACTION_GENE	mmu:26384	Reaction-layer	shared.name	ec:3.5.99.6	3
Enzyme-layer	KEGG_REACTION_GENE	mmu:26432	Reaction-layer	shared.name	ec:1.14.11.4	3
Enzyme-layer	KEGG_REACTION_GENE	mmu:26464	Reaction-layer	shared.name	ec:3.5.1.92	3
Enzyme-layer	KEGG_REACTION_GENE	mmu:266645	Reaction-layer	shared.name	ec:4.1.1.45	2
Enzyme-layer	KEGG_REACTION_GENE	mmu:26876	Reaction-layer	shared.name	ec:1.1.1.1	3
Enzyme-layer	KEGG_REACTION_GENE	mmu:26879	Reaction-layer	shared.name	ec:2.4.1.79	3
Enzyme-layer	KEGG_REACTION_GENE	mmu:26897	Reaction-layer	shared.name	ec:3.1.2.2	2
Enzyme-layer	KEGG_REACTION_GENE	mmu:26912	Reaction-layer	shared.name	ec:2.3.1.29	2
Enzyme-layer	KEGG_REACTION_GENE	mmu:269181	Reaction-layer	shared.name	ec:2.4.1.145	3
Enzyme-layer	KEGG_REACTION_GENE	mmu:270084	Reaction-layer	shared.name	ec:2.3.1.23	3
Enzyme-layer	KEGG_REACTION_GENE	mmu:270084	Reaction-layer	shared.name	ec:2.3.1.67	3
Enzyme-layer	KEGG_REACTION_GENE	mmu:270198	Reaction-layer	shared.name	ec:2.7.1.105	3
Enzyme-layer	KEGG_REACTION_GENE	mmu:270198	Reaction-layer	shared.name	ec:3.1.3.46	3
Enzyme-layer	KEGG_REACTION_GENE	mmu:27029	Reaction-layer	shared.name	ec:3.10.1.1	3
Enzyme-layer	KEGG_REACTION_GENE	mmu:27053	Reaction-layer	shared.name	ec:6.3.5.4	4
Enzyme-layer	KEGG_REACTION_GENE	mmu:270685	Reaction-layer	shared.name	ec:6.3.4.3	3
Enzyme-layer	KEGG_REACTION_GENE	mmu:27226	Reaction-layer	shared.name	ec:3.1.1.47	3
Enzyme-layer	KEGG_REACTION_GENE	mmu:272428	Reaction-layer	shared.name	ec:6.2.1.2	3
Enzyme-layer	KEGG_REACTION_GENE	mmu:27364	Reaction-layer	shared.name	ec:5.1.1.18	2
Enzyme-layer	KEGG_REACTION_GENE	mmu:27400	Reaction-layer	shared.name	ec:1.1.1.105	1
Enzyme-layer	KEGG_REACTION_GENE	mmu:27400	Reaction-layer	shared.name	ec:1.1.1.239	1
Enzyme-layer	KEGG_REACTION_GENE	mmu:27400	Reaction-layer	shared.name	ec:1.1.1.62	1
Enzyme-layer	KEGG_REACTION_GENE	mmu:27419	Reaction-layer	shared.name	ec:3.2.1.50	2
Enzyme-layer	KEGG_REACTION_GENE	mmu:277753	Reaction-layer	shared.name	ec:1.14.15.3	3
Enzyme-layer	KEGG_REACTION_GENE	mmu:29807	Reaction-layer	shared.name	ec:2.7.6.2	3
Enzyme-layer	KEGG_REACTION_GENE	mmu:29858	Reaction-layer	shared.name	ec:5.4.2.8	3
Enzyme-layer	KEGG_REACTION_GENE	mmu:30955	Reaction-layer	shared.name	ec:2.7.1.153	3
Enzyme-layer	KEGG_REACTION_GENE	mmu:30956	Reaction-layer	shared.name	ec:1.5.1.8	3
Enzyme-layer	KEGG_REACTION_GENE	mmu:30956	Reaction-layer	shared.name	ec:1.5.1.9	3
Enzyme-layer	KEGG_REACTION_GENE	mmu:319554	Reaction-layer	shared.name	ec:5.3.3.2	4
Enzyme-layer	KEGG_REACTION_GENE	mmu:320404	Reaction-layer	shared.name	ec:2.7.1.127	3
Enzyme-layer	KEGG_REACTION_GENE	mmu:320438	Reaction-layer	shared.name	ec:2.4.1.267	3
Enzyme-layer	KEGG_REACTION_GENE	mmu:327942	Reaction-layer	shared.name	ec:3.5.1.89	3
Enzyme-layer	KEGG_REACTION_GENE	mmu:337924	Reaction-layer	shared.name	ec:1.14.14.1	2
Enzyme-layer	KEGG_REACTION_GENE	mmu:381903	Reaction-layer	shared.name	ec:2.4.1.265	3
Enzyme-layer	KEGG_REACTION_GENE	mmu:382985	Reaction-layer	shared.name	ec:1.17.4.1	2
Enzyme-layer	KEGG_REACTION_GENE	mmu:394430	Reaction-layer	shared.name	ec:2.4.1.17	4
Enzyme-layer	KEGG_REACTION_GENE	mmu:394432	Reaction-layer	shared.name	ec:2.4.1.17	2
Enzyme-layer	KEGG_REACTION_GENE	mmu:394433	Reaction-layer	shared.name	ec:2.4.1.17	2
Enzyme-layer	KEGG_REACTION_GENE	mmu:404195	Reaction-layer	shared.name	ec:1.14.14.1	2
Enzyme-layer	KEGG_REACTION_GENE	mmu:432530	Reaction-layer	shared.name	ec:4.6.1.1	3
Enzyme-layer	KEGG_REACTION_GENE	mmu:433182	Reaction-layer	shared.name	ec:4.2.1.11	1
Enzyme-layer	KEGG_REACTION_GENE	mmu:50773	Reaction-layer	shared.name	ec:3.1.3.5	3
Enzyme-layer	KEGG_REACTION_GENE	mmu:50877	Reaction-layer	shared.name	ec:3.2.1.18	3
Enzyme-layer	KEGG_REACTION_GENE	mmu:52633	Reaction-layer	shared.name	ec:3.5.1.3	3
Enzyme-layer	KEGG_REACTION_GENE	mmu:52665	Reaction-layer	shared.name	ec:4.1.1.41	4
Enzyme-layer	KEGG_REACTION_GENE	mmu:52665	Reaction-layer	shared.name	ec:4.1.1.94	4
Enzyme-layer	KEGG_REACTION_GENE	mmu:53357	Reaction-layer	shared.name	ec:3.1.1.4	3
Enzyme-layer	KEGG_REACTION_GENE	mmu:53618	Reaction-layer	shared.name	ec:2.4.1.68	2
Enzyme-layer	KEGG_REACTION_GENE	mmu:53893	Reaction-layer	shared.name	ec:3.6.1.13	2
Enzyme-layer	KEGG_REACTION_GENE	mmu:53893	Reaction-layer	shared.name	ec:3.6.1.58	2
Enzyme-layer	KEGG_REACTION_GENE	mmu:53897	Reaction-layer	shared.name	ec:2.8.2.11	2
Enzyme-layer	KEGG_REACTION_GENE	mmu:53973	Reaction-layer	shared.name	ec:1.14.14.1	3
Enzyme-layer	KEGG_REACTION_GENE	mmu:54128	Reaction-layer	shared.name	ec:5.4.2.8	3
Enzyme-layer	KEGG_REACTION_GENE	mmu:54195	Reaction-layer	shared.name	ec:4.6.1.2	3
Enzyme-layer	KEGG_REACTION_GENE	mmu:54325	Reaction-layer	shared.name	ec:2.3.1.199	2
Enzyme-layer	KEGG_REACTION_GENE	mmu:54326	Reaction-layer	shared.name	ec:2.3.1.199	1
Enzyme-layer	KEGG_REACTION_GENE	mmu:54384	Reaction-layer	shared.name	ec:3.1.3.64	3
Enzyme-layer	KEGG_REACTION_GENE	mmu:54384	Reaction-layer	shared.name	ec:3.1.3.95	3
Enzyme-layer	KEGG_REACTION_GENE	mmu:54486	Reaction-layer	shared.name	ec:2.5.1.18	3
Enzyme-layer	KEGG_REACTION_GENE	mmu:54486	Reaction-layer	shared.name	ec:5.3.99.2	3
Enzyme-layer	KEGG_REACTION_GENE	mmu:55936	Reaction-layer	shared.name	ec:6.3.4.2	3
Enzyme-layer	KEGG_REACTION_GENE	mmu:55979	Reaction-layer	shared.name	ec:2.3.1.51	2
Enzyme-layer	KEGG_REACTION_GENE	mmu:56050	Reaction-layer	shared.name	ec:1.14.13.99	1
Enzyme-layer	KEGG_REACTION_GENE	mmu:56174	Reaction-layer	shared.name	ec:2.7.1.59	3
Enzyme-layer	KEGG_REACTION_GENE	mmu:56219	Reaction-layer	shared.name	ec:2.4.1.224	1
Enzyme-layer	KEGG_REACTION_GENE	mmu:56369	Reaction-layer	shared.name	ec:4.2.1.109	3
Enzyme-layer	KEGG_REACTION_GENE	mmu:56386	Reaction-layer	shared.name	ec:2.4.1.274	3
Enzyme-layer	KEGG_REACTION_GENE	mmu:56388	Reaction-layer	shared.name	ec:1.14.14.1	2
Enzyme-layer	KEGG_REACTION_GENE	mmu:56454	Reaction-layer	shared.name	ec:1.2.1.41	3
Enzyme-layer	KEGG_REACTION_GENE	mmu:56454	Reaction-layer	shared.name	ec:2.7.2.11	3
Enzyme-layer	KEGG_REACTION_GENE	mmu:56632	Reaction-layer	shared.name	ec:2.7.1.91	3
Enzyme-layer	KEGG_REACTION_GENE	mmu:56749	Reaction-layer	shared.name	ec:1.3.5.2	3
Enzyme-layer	KEGG_REACTION_GENE	mmu:57295	Reaction-layer	shared.name	ec:2.1.1.100	2
Enzyme-layer	KEGG_REACTION_GENE	mmu:57377	Reaction-layer	shared.name	ec:3.2.1.106	2
Enzyme-layer	KEGG_REACTION_GENE	mmu:58250	Reaction-layer	shared.name	ec:2.8.2.5	3
Enzyme-layer	KEGG_REACTION_GENE	mmu:58994	Reaction-layer	shared.name	ec:3.1.4.12	1
Enzyme-layer	KEGG_REACTION_GENE	mmu:59031	Reaction-layer	shared.name	ec:2.8.2.5	3
Enzyme-layer	KEGG_REACTION_GENE	mmu:60525	Reaction-layer	shared.name	ec:6.2.1.1	2
Enzyme-layer	KEGG_REACTION_GENE	mmu:60596	Reaction-layer	shared.name	ec:4.6.1.2	1
Enzyme-layer	KEGG_REACTION_GENE	mmu:625249	Reaction-layer	shared.name	ec:1.11.1.12	3
Enzyme-layer	KEGG_REACTION_GENE	mmu:64292	Reaction-layer	shared.name	ec:5.3.99.3	3
Enzyme-layer	KEGG_REACTION_GENE	mmu:64697	Reaction-layer	shared.name	ec:2.3.1.13	4
Enzyme-layer	KEGG_REACTION_GENE	mmu:66071	Reaction-layer	shared.name	ec:1.13.11.18	3
Enzyme-layer	KEGG_REACTION_GENE	mmu:66171	Reaction-layer	shared.name	ec:3.1.1.31	2
Enzyme-layer	KEGG_REACTION_GENE	mmu:66234	Reaction-layer	shared.name	ec:1.14.13.72	4
Enzyme-layer	KEGG_REACTION_GENE	mmu:66355	Reaction-layer	shared.name	ec:1.7.1.7	3
Enzyme-layer	KEGG_REACTION_GENE	mmu:66401	Reaction-layer	shared.name	ec:3.6.1.17	4
Enzyme-layer	KEGG_REACTION_GENE	mmu:66447	Reaction-layer	shared.name	ec:2.5.1.18	4
Enzyme-layer	KEGG_REACTION_GENE	mmu:66469	Reaction-layer	shared.name	ec:1.11.1.20	4
Enzyme-layer	KEGG_REACTION_GENE	mmu:665563	Reaction-layer	shared.name	ec:1.5.1.15	3
Enzyme-layer	KEGG_REACTION_GENE	mmu:665563	Reaction-layer	shared.name	ec:3.5.4.9	3
Enzyme-layer	KEGG_REACTION_GENE	mmu:66566	Reaction-layer	shared.name	ec:3.6.1.15	3
Enzyme-layer	KEGG_REACTION_GENE	mmu:66588	Reaction-layer	shared.name	ec:2.7.4.14	2
Enzyme-layer	KEGG_REACTION_GENE	mmu:66775	Reaction-layer	shared.name	ec:4.2.1.134	4
Enzyme-layer	KEGG_REACTION_GENE	mmu:66848	Reaction-layer	shared.name	ec:3.2.1.51	3
Enzyme-layer	KEGG_REACTION_GENE	mmu:66853	Reaction-layer	shared.name	ec:3.1.1.3	3
Enzyme-layer	KEGG_REACTION_GENE	mmu:66979	Reaction-layer	shared.name	ec:2.7.7.7	2
Enzyme-layer	KEGG_REACTION_GENE	mmu:67041	Reaction-layer	shared.name	ec:2.8.3.5	3
Enzyme-layer	KEGG_REACTION_GENE	mmu:67092	Reaction-layer	shared.name	ec:2.1.4.1	1
Enzyme-layer	KEGG_REACTION_GENE	mmu:67305	Reaction-layer	shared.name	ec:1.11.1.9	4
Enzyme-layer	KEGG_REACTION_GENE	mmu:67311	Reaction-layer	shared.name	ec:3.1.3.29	3
Enzyme-layer	KEGG_REACTION_GENE	mmu:67375	Reaction-layer	shared.name	ec:2.4.2.19	2
Enzyme-layer	KEGG_REACTION_GENE	mmu:67442	Reaction-layer	shared.name	ec:1.3.99.23	3
Enzyme-layer	KEGG_REACTION_GENE	mmu:67689	Reaction-layer	shared.name	ec:1.2.1.5	3
Enzyme-layer	KEGG_REACTION_GENE	mmu:67800	Reaction-layer	shared.name	ec:2.3.1.20	2
Enzyme-layer	KEGG_REACTION_GENE	mmu:67800	Reaction-layer	shared.name	ec:2.3.1.75	2
Enzyme-layer	KEGG_REACTION_GENE	mmu:67861	Reaction-layer	shared.name	ec:1.1.1.21	3
Enzyme-layer	KEGG_REACTION_GENE	mmu:67880	Reaction-layer	shared.name	ec:1.1.1.10	2
Enzyme-layer	KEGG_REACTION_GENE	mmu:67980	Reaction-layer	shared.name	ec:3.5.99.6	1
Enzyme-layer	KEGG_REACTION_GENE	mmu:68106	Reaction-layer	shared.name	ec:3.1.3.5	2
Enzyme-layer	KEGG_REACTION_GENE	mmu:68255	Reaction-layer	shared.name	ec:3.3.2.2	2
Enzyme-layer	KEGG_REACTION_GENE	mmu:68255	Reaction-layer	shared.name	ec:3.3.2.5	2
Enzyme-layer	KEGG_REACTION_GENE	mmu:68401	Reaction-layer	shared.name	ec:3.1.3.9	1
Enzyme-layer	KEGG_REACTION_GENE	mmu:68603	Reaction-layer	shared.name	ec:2.7.4.2	4
Enzyme-layer	KEGG_REACTION_GENE	mmu:68695	Reaction-layer	shared.name	ec:3.1.7.2	2
Enzyme-layer	KEGG_REACTION_GENE	mmu:68801	Reaction-layer	shared.name	ec:2.3.1.199	2
Enzyme-layer	KEGG_REACTION_GENE	mmu:68977	Reaction-layer	shared.name	ec:3.1.2.6	3
Enzyme-layer	KEGG_REACTION_GENE	mmu:69188	Reaction-layer	shared.name	ec:2.1.1.43	3
Enzyme-layer	KEGG_REACTION_GENE	mmu:69574	Reaction-layer	shared.name	ec:3.1.1.45	3
Enzyme-layer	KEGG_REACTION_GENE	mmu:69590	Reaction-layer	shared.name	ec:1.11.1.9	4
Enzyme-layer	KEGG_REACTION_GENE	mmu:69719	Reaction-layer	shared.name	ec:2.1.3.2	2
Enzyme-layer	KEGG_REACTION_GENE	mmu:69719	Reaction-layer	shared.name	ec:3.5.2.3	2
Enzyme-layer	KEGG_REACTION_GENE	mmu:69719	Reaction-layer	shared.name	ec:6.3.5.5	2
Enzyme-layer	KEGG_REACTION_GENE	mmu:70266	Reaction-layer	shared.name	ec:2.6.1.64	3
Enzyme-layer	KEGG_REACTION_GENE	mmu:70266	Reaction-layer	shared.name	ec:2.6.1.7	3
Enzyme-layer	KEGG_REACTION_GENE	mmu:70266	Reaction-layer	shared.name	ec:4.4.1.13	3
Enzyme-layer	KEGG_REACTION_GENE	mmu:70750	Reaction-layer	shared.name	ec:1.1.1.102	3
Enzyme-layer	KEGG_REACTION_GENE	mmu:70789	Reaction-layer	shared.name	ec:3.7.1.3	2
Enzyme-layer	KEGG_REACTION_GENE	mmu:71701	Reaction-layer	shared.name	ec:2.7.7.8	3
Enzyme-layer	KEGG_REACTION_GENE	mmu:71724	Reaction-layer	shared.name	ec:1.2.3.1	3
Enzyme-layer	KEGG_REACTION_GENE	mmu:71754	Reaction-layer	shared.name	ec:1.14.14.1	2
Enzyme-layer	KEGG_REACTION_GENE	mmu:71760	Reaction-layer	shared.name	ec:4.2.3.2	2
Enzyme-layer	KEGG_REACTION_GENE	mmu:71773	Reaction-layer	shared.name	ec:2.4.1.17	2
Enzyme-layer	KEGG_REACTION_GENE	mmu:71776	Reaction-layer	shared.name	ec:4.1.2.5	2
Enzyme-layer	KEGG_REACTION_GENE	mmu:71780	Reaction-layer	shared.name	ec:5.5.1.4	2
Enzyme-layer	KEGG_REACTION_GENE	mmu:71797	Reaction-layer	shared.name	ec:2.8.2.5	1
Enzyme-layer	KEGG_REACTION_GENE	mmu:71911	Reaction-layer	shared.name	ec:1.1.1.30	3
Enzyme-layer	KEGG_REACTION_GENE	mmu:71934	Reaction-layer	shared.name	ec:4.2.1.1	3
Enzyme-layer	KEGG_REACTION_GENE	mmu:72017	Reaction-layer	shared.name	ec:1.6.2.2	3
Enzyme-layer	KEGG_REACTION_GENE	mmu:72054	Reaction-layer	shared.name	ec:1.14.13.194	3
Enzyme-layer	KEGG_REACTION_GENE	mmu:72054	Reaction-layer	shared.name	ec:1.14.13.30	3
Enzyme-layer	KEGG_REACTION_GENE	mmu:72082	Reaction-layer	shared.name	ec:1.14.14.1	1
Enzyme-layer	KEGG_REACTION_GENE	mmu:72361	Reaction-layer	shared.name	ec:3.1.1.1	2
Enzyme-layer	KEGG_REACTION_GENE	mmu:72361	Reaction-layer	shared.name	ec:3.1.1.56	2
Enzyme-layer	KEGG_REACTION_GENE	mmu:72361	Reaction-layer	shared.name	ec:3.1.1.84	2
Enzyme-layer	KEGG_REACTION_GENE	mmu:72535	Reaction-layer	shared.name	ec:1.2.1.3	2
Enzyme-layer	KEGG_REACTION_GENE	mmu:72962	Reaction-layer	shared.name	ec:2.4.2.4	4
Enzyme-layer	KEGG_REACTION_GENE	mmu:73166	Reaction-layer	shared.name	ec:1.3.1.70	2
Enzyme-layer	KEGG_REACTION_GENE	mmu:73582	Reaction-layer	shared.name	ec:2.1.1.60	3
Enzyme-layer	KEGG_REACTION_GENE	mmu:74055	Reaction-layer	shared.name	ec:3.1.4.11	2
Enzyme-layer	KEGG_REACTION_GENE	mmu:74080	Reaction-layer	shared.name	ec:2.7.7.1	3
Enzyme-layer	KEGG_REACTION_GENE	mmu:74080	Reaction-layer	shared.name	ec:2.7.7.18	3
Enzyme-layer	KEGG_REACTION_GENE	mmu:74091	Reaction-layer	shared.name	ec:4.1.3.3	3
Enzyme-layer	KEGG_REACTION_GENE	mmu:74147	Reaction-layer	shared.name	ec:1.1.1.35	2
Enzyme-layer	KEGG_REACTION_GENE	mmu:74147	Reaction-layer	shared.name	ec:4.2.1.17	2
Enzyme-layer	KEGG_REACTION_GENE	mmu:74147	Reaction-layer	shared.name	ec:5.3.3.8	2
Enzyme-layer	KEGG_REACTION_GENE	mmu:74182	Reaction-layer	shared.name	ec:3.1.4.2	2
Enzyme-layer	KEGG_REACTION_GENE	mmu:74205	Reaction-layer	shared.name	ec:6.2.1.3	4
Enzyme-layer	KEGG_REACTION_GENE	mmu:74241	Reaction-layer	shared.name	ec:2.4.1.175	2
Enzyme-layer	KEGG_REACTION_GENE	mmu:74241	Reaction-layer	shared.name	ec:2.4.1.226	2
Enzyme-layer	KEGG_REACTION_GENE	mmu:74442	Reaction-layer	shared.name	ec:2.7.8.27	2
Enzyme-layer	KEGG_REACTION_GENE	mmu:74519	Reaction-layer	shared.name	ec:1.14.14.1	2
Enzyme-layer	KEGG_REACTION_GENE	mmu:74559	Reaction-layer	shared.name	ec:2.3.1.199	3
Enzyme-layer	KEGG_REACTION_GENE	mmu:74754	Reaction-layer	shared.name	ec:1.3.1.72	2
Enzyme-layer	KEGG_REACTION_GENE	mmu:75406	Reaction-layer	shared.name	ec:1.6.5.3	2
Enzyme-layer	KEGG_REACTION_GENE	mmu:75406	Reaction-layer	shared.name	ec:1.6.99.3	2
Enzyme-layer	KEGG_REACTION_GENE	mmu:75410	Reaction-layer	shared.name	ec:2.1.1.43	3
Enzyme-layer	KEGG_REACTION_GENE	mmu:75512	Reaction-layer	shared.name	ec:1.11.1.9	4
Enzyme-layer	KEGG_REACTION_GENE	mmu:75572	Reaction-layer	shared.name	ec:3.6.1.7	2
Enzyme-layer	KEGG_REACTION_GENE	mmu:75686	Reaction-layer	shared.name	ec:3.6.1.62	3
Enzyme-layer	KEGG_REACTION_GENE	mmu:75686	Reaction-layer	shared.name	ec:3.6.1.64	3
Enzyme-layer	KEGG_REACTION_GENE	mmu:75986	Reaction-layer	shared.name	ec:3.5.3.11	2
Enzyme-layer	KEGG_REACTION_GENE	mmu:76282	Reaction-layer	shared.name	ec:2.6.1.2	2
Enzyme-layer	KEGG_REACTION_GENE	mmu:76355	Reaction-layer	shared.name	ec:4.2.1.46	1
Enzyme-layer	KEGG_REACTION_GENE	mmu:76654	Reaction-layer	shared.name	ec:2.4.2.3	4
Enzyme-layer	KEGG_REACTION_GENE	mmu:77626	Reaction-layer	shared.name	ec:3.1.4.12	3
Enzyme-layer	KEGG_REACTION_GENE	mmu:77697	Reaction-layer	shared.name	ec:2.5.1.17	4
Enzyme-layer	KEGG_REACTION_GENE	mmu:78894	Reaction-layer	shared.name	ec:6.2.1.16	1
Enzyme-layer	KEGG_REACTION_GENE	mmu:78923	Reaction-layer	shared.name	ec:2.4.1.175	1
Enzyme-layer	KEGG_REACTION_GENE	mmu:78923	Reaction-layer	shared.name	ec:2.4.1.226	1
Enzyme-layer	KEGG_REACTION_GENE	mmu:79059	Reaction-layer	shared.name	ec:2.7.4.6	3
Enzyme-layer	KEGG_REACTION_GENE	mmu:79235	Reaction-layer	shared.name	ec:2.3.1.135	3
Enzyme-layer	KEGG_REACTION_GENE	mmu:94181	Reaction-layer	shared.name	ec:2.5.1.56	3
Enzyme-layer	KEGG_REACTION_GENE	mmu:94181	Reaction-layer	shared.name	ec:2.5.1.57	3
Enzyme-layer	KEGG_REACTION_GENE	mmu:94224	Reaction-layer	shared.name	ec:1.3.1.22	3
Enzyme-layer	KEGG_REACTION_GENE	mmu:99712	Reaction-layer	shared.name	ec:2.7.8.1	2
Enzyme-layer	KEGG_REACTION_GENE	mmu:99712	Reaction-layer	shared.name	ec:2.7.8.2	2
Enzyme-layer	KEGG_REACTION_GENE	mmu:232493	Reaction-layer	shared.name	ec:2.4.1.11	-3
